id,name,mono_mass
1,Acetyl,42.010565
2,Amidated,-0.984016
3,Biotin,226.077598
4,Carbamidomethyl,57.021464
5,Carbamyl,43.005814
6,Carboxymethyl,58.005479
7,Deamidated,0.984016
8,ICAT-G,486.251206
9,ICAT-G:2H(8),494.30142
10,Met->Hse,-29.992806
11,Met->Hsl,-48.003371
12,ICAT-D:2H(8),450.275205
13,ICAT-D,442.224991
17,NIPCAM,99.068414
20,PEO-Iodoacetyl-LC-Biotin,414.193691
21,Phospho,79.966331
23,Dehydrated,-18.010565
24,Propionamide,71.037114
25,Pyridylacetyl,119.037114
26,Pyro-carbamidomethyl,39.994915
27,Glu->pyro-Glu,-18.010565
28,Gln->pyro-Glu,-17.026549
29,SMA,127.063329
30,Cation:Na,21.981943
31,Pyridylethyl,105.057849
34,Methyl,14.01565
35,Oxidation,15.994915
36,Dimethyl,28.0313
37,Trimethyl,42.04695
39,Methylthio,45.987721
40,Sulfo,79.956815
41,Hex,162.052824
42,Lipoyl,188.032956
43,HexNAc,203.079373
44,Farnesyl,204.187801
45,Myristoyl,210.198366
46,PyridoxalPhosphate,229.014009
47,Palmitoyl,238.229666
48,GeranylGeranyl,272.250401
49,Phosphopantetheine,340.085794
50,FAD,783.141486
51,Tripalmitate,788.725777
52,Guanidinyl,42.021798
53,HNE,156.11503
54,Glucuronyl,176.032088
55,Glutathione,305.068156
56,Acetyl:2H(3),45.029395
58,Propionyl,56.026215
59,Propionyl:13C(3),59.036279
60,GIST-Quat,127.099714
61,GIST-Quat:2H(3),130.118544
62,GIST-Quat:2H(6),133.137375
63,GIST-Quat:2H(9),136.156205
64,Succinyl,100.016044
65,Succinyl:2H(4),104.041151
66,Succinyl:13C(4),104.029463
89,Iminobiotin,225.093583
90,ESP,338.177647
91,ESP:2H(10),348.240414
92,NHS-LC-Biotin,339.161662
93,EDT-maleimide-PEO-biotin,601.206246
94,IMID,68.037448
95,IMID:2H(4),72.062555
97,Propionamide:2H(3),74.055944
105,ICAT-C,227.126991
106,ICAT-C:13C(9),236.157185
107,FormylMet,159.035399
108,Nethylmaleimide,125.047679
112,OxLysBiotinRed,354.172562
113,OxLysBiotin,352.156911
114,OxProBiotinRed,371.199111
115,OxProBiotin,369.183461
116,OxArgBiotin,310.135113
117,OxArgBiotinRed,312.150763
118,EDT-iodoacetyl-PEO-biotin,490.174218
119,IBTP,316.138088
121,GG,114.042927
122,Formyl,27.994915
123,ICAT-H,345.097915
124,ICAT-H:13C(6),351.118044
126,Xlink:DTSSP[88],87.998285
127,Fluoro,17.990578
128,Fluorescein,387.074287
129,Iodo,125.896648
130,Diiodo,251.793296
131,Triiodo,377.689944
134,Myristoleyl,208.182715
135,Myristoyl+Delta:H(-4),206.167065
136,Benzoyl,104.026215
137,Hex(5)HexNAc(2),1216.422863
139,Dansyl,233.051049
140,a-type-ion,-46.005479
141,Amidine,41.026549
142,HexNAc(1)dHex(1),349.137281
143,HexNAc(2),406.158745
144,Hex(3),486.158471
145,HexNAc(1)dHex(2),495.19519
146,Hex(1)HexNAc(1)dHex(1),511.190105
147,HexNAc(2)dHex(1),552.216654
148,Hex(1)HexNAc(2),568.211569
149,Hex(1)HexNAc(1)NeuAc(1),656.227613
150,HexNAc(2)dHex(2),698.274563
151,Hex(1)HexNAc(2)Pent(1),700.253828
152,Hex(1)HexNAc(2)dHex(1),714.269478
153,Hex(2)HexNAc(2),730.264392
154,Hex(3)HexNAc(1)Pent(1),821.280102
155,Hex(1)HexNAc(2)dHex(1)Pent(1),846.311736
156,Hex(1)HexNAc(2)dHex(2),860.327386
157,Hex(2)HexNAc(2)Pent(1),862.306651
158,Hex(2)HexNAc(2)dHex(1),876.322301
159,Hex(3)HexNAc(2),892.317216
160,Hex(1)HexNAc(1)NeuAc(2),947.323029
161,Hex(3)HexNAc(2)Phos(1),972.283547
162,Delta:S(-1)Se(1),47.944449
170,Delta:H(-1)N(-1)18O(1),2.988261
171,NBS:13C(6),159.008578
172,NBS,152.988449
176,BHT,218.167065
178,DAET,87.050655
184,Label:13C(9),9.030193
185,Label:13C(9)+Phospho,88.996524
186,HPG,132.021129
187,2HPG,282.052824
188,Label:13C(6),6.020129
193,Label:18O(2),4.008491
194,AccQTag,170.048013
195,QAT,171.149738
196,QAT:2H(3),174.168569
197,EQAT,184.157563
198,EQAT:2H(5),189.188947
199,Dimethyl:2H(4),32.056407
200,Ethanedithiol,75.980527
205,Delta:H(6)C(6)O(1),94.041865
206,Delta:H(4)C(3)O(1),56.026215
207,Delta:H(2)C(3),38.01565
208,Delta:H(4)C(6),76.0313
209,Delta:H(8)C(6)O(2),112.05243
211,NEIAA,85.052764
212,NEIAA:2H(5),90.084148
213,ADP-Ribosyl,541.06111
214,iTRAQ4plex,144.102063
243,IGBP,296.016039
253,Crotonaldehyde,70.041865
254,Delta:H(2)C(2),26.01565
255,Delta:H(4)C(2),28.0313
256,Delta:H(4)C(3),40.0313
258,Label:18O(1),2.004246
259,Label:13C(6)15N(2),8.014199
260,Thiophospho,95.943487
261,SPITC,214.971084
262,Label:2H(3),3.01883
264,PET,121.035005
267,Label:13C(6)15N(4),10.008269
268,Label:13C(5)15N(1),6.013809
269,Label:13C(9)15N(1),10.027228
270,Cytopiloyne,362.136553
271,Cytopiloyne+water,380.147118
272,CAF,135.983029
275,Nitrosyl,28.990164
276,AEBS,183.035399
278,Ethanolyl,44.026215
280,Ethyl,28.0313
281,CoenzymeA,765.09956
284,Methyl:2H(2),16.028204
285,SulfanilicAcid,155.004099
286,SulfanilicAcid:13C(6),161.024228
288,Trp->Oxolactone,13.979265
289,Biotin-PEO-Amine,356.188212
290,Biotin-HPDP,428.191582
291,Delta:Hg(1),201.970617
292,IodoU-AMP,322.020217
293,CAMthiopropanoyl,145.019749
294,IED-Biotin,326.141261
295,dHex,146.057909
298,Methyl:2H(3),17.03448
299,Carboxy,43.989829
301,Bromobimane,190.074228
302,Menadione,170.036779
303,DeStreak,75.998285
305,dHex(1)Hex(3)HexNAc(4),1444.53387
307,dHex(1)Hex(4)HexNAc(4),1606.586693
308,dHex(1)Hex(5)HexNAc(4),1768.639517
309,Hex(3)HexNAc(4),1298.475961
310,Hex(4)HexNAc(4),1460.528784
311,Hex(5)HexNAc(4),1622.581608
312,Cysteinyl,119.004099
313,Lys-loss,-128.094963
314,Nmethylmaleimide,111.032028
316,DimethylpyrroleAdduct,78.04695
318,Delta:H(2)C(5),62.01565
319,Delta:H(2)C(3)O(1),54.010565
320,Nethylmaleimide+water,143.058243
323,Xlink:B10621,713.093079
324,Xlink:DTBP[87],87.01427
325,FP-Biotin,572.316129
327,Delta:H(4)C(2)O(-1)S(1),44.008456
329,Methyl:2H(3)13C(1),18.037835
330,Dimethyl:2H(6)13C(2),36.07567
332,Thiophos-S-S-biotin,525.142894
333,Can-FP-biotin,447.195679
335,HNE+Delta:H(2),158.13068
337,Methylamine,13.031634
340,Bromo,77.910511
342,Amino,15.010899
343,Argbiotinhydrazide,199.066699
344,Arg->GluSA,-43.053433
345,Trioxidation,47.984744
348,His->Asn,-23.015984
349,His->Asp,-22.031969
350,Trp->Hydroxykynurenin,19.989829
351,Trp->Kynurenin,3.994915
352,Lys->Allysine,-1.031634
353,Lysbiotinhydrazide,241.088497
354,Nitro,44.985078
357,probiotinhydrazide,258.115047
359,Pro->pyro-Glu,13.979265
360,Pro->Pyrrolidinone,-30.010565
361,Thrbiotinhydrazide,240.104482
362,Diisopropylphosphate,164.060231
363,Isopropylphospho,122.013281
364,ICPL:13C(6),111.041593
365,ICPL,105.021464
366,Deamidated:18O(1),2.988261
368,Cys->Dha,-33.987721
369,Pro->Pyrrolidone,-27.994915
371,HMVK,86.036779
372,Arg->Orn,-42.021798
374,Dehydro,-1.007825
375,Diphthamide,142.110613
376,Hydroxyfarnesyl,220.182715
377,Diacylglycerol,576.511761
378,Carboxyethyl,72.021129
379,Hypusine,87.068414
380,Retinylidene,266.203451
381,Lys->AminoadipicAcid,14.96328
382,Cys->PyruvicAcid,-33.003705
385,Ammonia-loss,-17.026549
387,Phycocyanobilin,586.279135
388,Phycoerythrobilin,588.294785
389,Phytochromobilin,584.263485
390,Heme,616.177295
391,Molybdopterin,521.884073
392,Quinone,29.974179
393,Glucosylgalactosyl,340.100562
394,GPIanchor,123.00853
395,PhosphoribosyldephosphoCoA,881.146904
396,GlycerylPE,197.04531
397,Triiodothyronine,469.716159
398,Thyroxine,595.612807
400,Tyr->Dha,-94.041865
401,Didehydro,-2.01565
402,Cys->Oxoalanine,-17.992806
403,Ser->LacticAcid,-15.010899
405,Phosphoadenosine,329.05252
407,Hydroxycinnamyl,146.036779
408,Glycosyl,148.037173
409,FMNH,454.088965
410,Archaeol,634.662782
411,Phenylisocyanate,119.037114
412,Phenylisocyanate:2H(5),124.068498
413,Phosphoguanosine,345.047435
414,Hydroxymethyl,30.010565
415,MolybdopterinGD+Delta:S(-1)Se(1),1620.930224
416,Dipyrrolylmethanemethyl,418.137616
417,PhosphoUridine,306.025302
419,Glycerophospho,154.00311
420,Carboxy->Thiocarboxy,15.977156
421,Sulfide,31.972071
422,PyruvicAcidIminyl,70.005479
423,Delta:Se(1),79.91652
424,MolybdopterinGD,1572.985775
425,Dioxidation,31.989829
426,Octanoyl,126.104465
428,PhosphoHexNAc,283.045704
429,PhosphoHex,242.019154
431,Palmitoleyl,236.214016
432,Cholesterol,368.344302
433,Didehydroretinylidene,264.187801
434,CHDH,294.183109
435,Methylpyrroline,109.052764
436,Hydroxyheme,614.161645
437,MicrocinC7,386.110369
438,Cyano,24.995249
439,Diironsubcluster,342.786916
440,Amidino,42.021798
442,FMN,438.094051
443,FMNC,456.104615
444,CuSMo,922.834855
445,Hydroxytrimethyl,59.04969
447,Deoxy,-15.994915
448,Microcin,831.197041
449,Decanoyl,154.135765
450,Glu,129.042593
451,GluGlu,258.085186
452,GluGluGlu,387.127779
453,GluGluGluGlu,516.170373
454,HexN,161.068808
455,Xlink:DMP[154],154.110613
457,NDA,175.042199
464,SPITC:13C(6),220.991213
472,AEC-MAEC,59.019355
476,TMAB,128.107539
477,TMAB:2H(9),137.16403
478,FTC,421.073241
481,Label:2H(4),4.025107
488,DHP,118.065674
490,Hep,192.063388
493,BADGE,340.167459
494,CyDye-Cy3,672.298156
495,CyDye-Cy5,684.298156
498,BHTOH,234.16198
499,IGBP:13C(2),298.022748
500,Nmethylmaleimide+water,129.042593
501,PyMIC,134.048013
503,LG-lactam-K,332.19876
504,LG-Hlactam-K,348.193674
505,LG-lactam-R,290.176961
506,LG-Hlactam-R,306.171876
510,Dimethyl:2H(4)13C(2),34.063117
512,Hex(2),324.105647
513,C8-QAT,227.224915
514,PropylNAGthiazoline,232.064354
515,FNEM,427.069202
518,Diethyl,56.0626
519,BisANS,594.091928
520,Piperidine,68.0626
522,Maleimide-PEO2-Biotin,525.225719
523,Sulfo-NHS-LC-LC-Biotin,452.245726
525,CLIP_TRAQ_2,141.098318
526,Dethiomethyl,-48.003371
528,Methyl+Deamidated,14.999666
529,Delta:H(5)C(2),29.039125
530,Cation:K,37.955882
531,Cation:Cu[I],61.921774
532,iTRAQ4plex114,144.105918
533,iTRAQ4plex115,144.099599
534,Dibromo,155.821022
535,LRGG,383.228103
536,CLIP_TRAQ_3,271.148736
537,CLIP_TRAQ_4,244.101452
538,Biotin:Cayman-10141,626.386577
539,Biotin:Cayman-10013,660.428442
540,Ala->Ser,15.994915
541,Ala->Thr,30.010565
542,Ala->Asp,43.989829
543,Ala->Pro,26.01565
544,Ala->Gly,-14.01565
545,Ala->Glu,58.005479
546,Ala->Val,28.0313
547,Cys->Phe,44.059229
548,Cys->Ser,-15.977156
549,Cys->Trp,83.070128
550,Cys->Tyr,60.054144
551,Cys->Arg,53.091927
552,Cys->Gly,-45.987721
553,Asp->Ala,-43.989829
554,Asp->His,22.031969
555,Asp->Asn,-0.984016
556,Asp->Gly,-58.005479
557,Asp->Tyr,48.036386
558,Asp->Glu,14.01565
559,Asp->Val,-15.958529
560,Glu->Ala,-58.005479
561,Glu->Gln,-0.984016
562,Glu->Asp,-14.01565
563,Glu->Lys,-0.94763
564,Glu->Gly,-72.021129
565,Glu->Val,-29.974179
566,Phe->Ser,-60.036386
567,Phe->Cys,-44.059229
568,Phe->Xle,-33.98435
569,Phe->Tyr,15.994915
570,Phe->Val,-48.0
571,Gly->Ala,14.01565
572,Gly->Ser,30.010565
573,Gly->Trp,129.057849
574,Gly->Glu,72.021129
575,Gly->Val,42.04695
576,Gly->Asp,58.005479
577,Gly->Cys,45.987721
578,Gly->Arg,99.079647
580,His->Pro,-40.006148
581,His->Tyr,26.004417
582,His->Gln,-9.000334
584,His->Arg,19.042199
585,His->Xle,-23.974848
588,Xle->Thr,-12.036386
589,Xle->Asn,0.958863
590,Xle->Lys,15.010899
594,Lys->Thr,-27.047285
595,Lys->Asn,-14.052036
596,Lys->Glu,0.94763
597,Lys->Gln,-0.036386
598,Lys->Met,2.945522
599,Lys->Arg,28.006148
600,Lys->Xle,-15.010899
601,Xle->Ser,-26.052036
602,Xle->Phe,33.98435
603,Xle->Trp,72.995249
604,Xle->Pro,-16.0313
605,Xle->Val,-14.01565
606,Xle->His,23.974848
607,Xle->Gln,14.974514
608,Xle->Met,17.956421
609,Xle->Arg,43.017047
610,Met->Thr,-29.992806
611,Met->Arg,25.060626
613,Met->Lys,-2.945522
614,Met->Xle,-17.956421
615,Met->Val,-31.972071
616,Asn->Ser,-27.010899
617,Asn->Thr,-12.995249
618,Asn->Lys,14.052036
619,Asn->Tyr,49.020401
620,Asn->His,23.015984
621,Asn->Asp,0.984016
622,Asn->Xle,-0.958863
623,Pro->Ser,-10.020735
624,Pro->Ala,-26.01565
625,Pro->His,40.006148
626,Pro->Gln,31.005814
627,Pro->Thr,3.994915
628,Pro->Arg,59.048347
629,Pro->Xle,16.0313
630,Gln->Pro,-31.005814
631,Gln->Lys,0.036386
632,Gln->Glu,0.984016
633,Gln->His,9.000334
634,Gln->Arg,28.042534
635,Gln->Xle,-14.974514
636,Arg->Ser,-69.069083
637,Arg->Trp,29.978202
638,Arg->Thr,-55.053433
639,Arg->Pro,-59.048347
640,Arg->Lys,-28.006148
641,Arg->His,-19.042199
642,Arg->Gln,-28.042534
643,Arg->Met,-25.060626
644,Arg->Cys,-53.091927
645,Arg->Xle,-43.017047
646,Arg->Gly,-99.079647
647,Ser->Phe,60.036386
648,Ser->Ala,-15.994915
649,Ser->Trp,99.047285
650,Ser->Thr,14.01565
651,Ser->Asn,27.010899
652,Ser->Pro,10.020735
653,Ser->Tyr,76.0313
654,Ser->Cys,15.977156
655,Ser->Arg,69.069083
656,Ser->Xle,26.052036
657,Ser->Gly,-30.010565
658,Thr->Ser,-14.01565
659,Thr->Ala,-30.010565
660,Thr->Asn,12.995249
661,Thr->Lys,27.047285
662,Thr->Pro,-3.994915
663,Thr->Met,29.992806
664,Thr->Xle,12.036386
665,Thr->Arg,55.053433
666,Val->Phe,48.0
667,Val->Ala,-28.0313
668,Val->Glu,29.974179
669,Val->Met,31.972071
670,Val->Asp,15.958529
671,Val->Xle,14.01565
672,Val->Gly,-42.04695
673,Trp->Ser,-99.047285
674,Trp->Cys,-83.070128
675,Trp->Arg,-29.978202
676,Trp->Gly,-129.057849
677,Trp->Xle,-72.995249
678,Tyr->Phe,-15.994915
679,Tyr->Ser,-76.0313
680,Tyr->Asn,-49.020401
681,Tyr->His,-26.004417
682,Tyr->Asp,-48.036386
683,Tyr->Cys,-60.054144
684,BDMAPP,253.010225
685,NA-LNO2,325.225309
686,NA-OA-NO2,327.240959
687,ICPL:2H(4),109.046571
695,Label:13C(6)15N(1),7.017164
696,Label:2H(9)13C(6)15N(2),17.07069
697,NIC,105.021464
698,dNIC,109.048119
720,HNE-Delta:H(2)O,138.104465
721,4-ONE,154.09938
723,O-Dimethylphosphate,107.997631
724,O-Methylphosphate,93.981981
725,Diethylphosphate,136.028931
726,Ethylphosphate,107.997631
727,O-pinacolylmethylphosphonate,162.080967
728,Methylphosphonate,77.987066
729,O-Isopropylmethylphosphonate,120.034017
730,iTRAQ8plex,304.20536
731,iTRAQ8plex:13C(6)15N(2),304.19904
734,Ethanolamine,43.042199
735,BEMAD_ST,136.001656
736,BEMAD_C,120.0245
737,TMT6plex,229.162932
738,TMT2plex,225.155833
739,TMT,224.152478
740,ExacTagThiol,972.365219
741,ExacTagAmine,1046.347854
743,4-ONE+Delta:H(-2)O(-1),136.088815
744,NO_SMX_SEMD,251.036462
746,NO_SMX_SIMD,267.031377
747,Malonyl,86.000394
748,3sulfo,183.983029
750,trifluoro,53.971735
751,TNBS,210.986535
762,IDEnT,214.990469
763,BEMAD_ST:2H(6),142.039317
764,BEMAD_C:2H(6),126.062161
765,Met-loss,-131.040485
766,Met-loss+Acetyl,-89.02992
767,Menadione-HQ,172.05243
768,Methyl+Acetyl:2H(3),59.045045
771,lapachenole,240.11503
772,Label:13C(5),5.016774
773,maleimide,97.016378
774,Biotin-phenacyl,626.263502
775,Carboxymethyl:13C(2),60.012189
776,NEM:2H(5),130.079062
792,AEC-MAEC:2H(4),63.044462
793,Hex(1)HexNAc(1),365.132196
799,Label:13C(6)+GG,120.063056
800,Biotin:Thermo-21345,311.166748
801,Pentylamine,70.07825
811,Biotin:Thermo-21360,487.246455
821,Cy3b-maleimide,682.24612
822,Gly-loss+Amide,-58.005479
824,Xlink:BMOE,220.048407
825,Xlink:DFDNB,163.985807
827,TMPP-Ac,572.181134
830,Dihydroxyimidazolidine,72.021129
834,Label:2H(4)+Acetyl,46.035672
835,Label:13C(6)+Acetyl,48.030694
836,Label:13C(6)15N(2)+Acetyl,50.024764
837,Arg->Npo,80.985078
846,EQIGG,484.228162
848,Arg2PG,266.057909
849,cGMP,343.031785
851,cGMP+RMP-loss,150.041585
853,Label:2H(4)+GG,118.068034
859,MG-H1,54.010565
860,G-H1,39.994915
861,ZGB,758.380841
862,Label:13C(1)2H(3),4.022185
864,Label:13C(6)15N(2)+GG,122.057126
866,ICPL:13C(6)2H(4),115.0667
876,QEQTGG,600.250354
877,QQQTGG,599.266339
884,Biotin:Thermo-21325,695.310118
885,Label:13C(1)2H(3)+Oxidation,20.0171
886,HydroxymethylOP,108.021129
887,MDCC,383.148121
888,mTRAQ,140.094963
889,mTRAQ:13C(3)15N(1),144.102063
890,DyLight-maleimide,940.1999
891,Methyl-PEO12-Maleimide,710.383719
893,CarbamidomethylDTT,209.018035
894,CarboxymethylDTT,210.00205
895,Biotin-PEG-PRA,578.317646
896,Met->Aha,-4.986324
897,Label:15N(4),3.98814
898,pyrophospho,159.932662
899,Met->Hpg,-21.987721
901,4AcAllylGal,372.142033
902,DimethylArsino,103.960719
903,Lys->CamCys,31.935685
904,Phe->CamCys,12.962234
905,Leu->MetOx,33.951335
906,Lys->MetOx,18.940436
907,Galactosyl,178.047738
908,Xlink:SMCC[321],321.205242
910,Bacillosamine,228.111007
911,MTSL,184.07961
912,HNE-BAHAH,511.319226
914,Methylmalonylation,100.016044
923,Label:13C(4)15N(2)+GG,120.050417
926,ethylamino,27.047285
928,MercaptoEthanol,60.003371
931,Ethyl+Deamidated,29.015316
932,VFQQQTGG,845.403166
933,VIEVYQEQTGG,1203.577168
934,AMTzHexNAc2,502.202341
935,Atto495Maleimide,474.250515
936,Chlorination,33.961028
937,dichlorination,67.922055
938,AROD,820.336015
939,Cys->methylaminoAla,-2.945522
940,Cys->ethylaminoAla,11.070128
941,DNPS,198.981352
942,SulfoGMBS,458.162391
943,DimethylamineGMBS,267.158292
944,Label:15N(2)2H(9),11.050561
946,LG-anhydrolactam,314.188195
947,LG-pyrrole,316.203845
948,LG-anhyropyrrole,298.19328
949,3-deoxyglucosone,144.042259
950,Cation:Li,6.008178
951,Cation:Ca[II],37.946941
952,Cation:Fe[II],53.919289
953,Cation:Ni[II],55.919696
954,Cation:Zn[II],61.913495
955,Cation:Ag,105.897267
956,Cation:Mg[II],21.969392
957,2-succinyl,116.010959
958,Propargylamine,37.031634
959,Phosphopropargyl,116.997965
960,SUMO2135,2135.920496
961,SUMO3549,3549.536568
967,thioacylPA,159.035399
971,maleimide3,969.366232
972,maleimide5,1293.471879
973,Puromycin,453.212452
977,Carbofuran,57.021464
978,BITC,149.02992
979,PEITC,163.04557
981,glucosone,160.037173
984,cysTMT,299.166748
985,cysTMT6plex,304.177202
986,Label:13C(6)+Dimethyl,34.051429
987,Label:13C(6)15N(2)+Dimethyl,36.045499
989,Ammonium,17.026549
991,ISD_z+2_ion,-15.010899
993,Biotin:Sigma-B1267,449.17329
994,Label:15N(1),0.997035
995,Label:15N(2),1.99407
996,Label:15N(3),2.991105
997,sulfo+amino,94.967714
1000,AHA-Alkyne,107.077339
1001,AHA-Alkyne-KDDDD,695.280074
1002,EGCG1,456.069261
1003,EGCG2,287.055563
1004,Label:13C(6)15N(4)+Methyl,24.023919
1005,Label:13C(6)15N(4)+Dimethyl,38.039569
1006,Label:13C(6)15N(4)+Methyl:2H(3)13C(1),28.046104
1007,Label:13C(6)15N(4)+Dimethyl:2H(6)13C(2),46.083939
1008,Cys->CamSec,104.965913
1009,Thiazolidine,12.0
1010,DEDGFLYMVYASQETFG,1970.824411
1012,Biotin:Invitrogen-M1602,523.210069
1014,glycidamide,87.032028
1015,Ahx2+Hsl,309.205242
1017,DMPO,111.068414
1018,ICDID,138.06808
1019,ICDID:2H(6),144.10574
1020,Xlink:DSS[156],156.078644
1021,Xlink:EGS[244],244.058303
1022,Xlink:DST[132],132.005873
1023,Xlink:DTSSP[192],191.991486
1024,Xlink:SMCC[237],237.100108
1027,Xlink:DMP[140],140.094963
1028,Xlink:EGS[115],115.026943
1031,Biotin:Thermo-88310,196.121178
1032,2-nitrobenzyl,135.032028
1033,Cys->SecNEM,172.992127
1034,Cys->SecNEM:2H(5),178.023511
1035,Thiadiazole,174.025169
1036,Withaferin,470.266839
1037,Biotin:Thermo-88317,443.291294
1038,TAMRA-FP,659.312423
1039,Biotin:Thermo-21901+H2O,543.236284
1041,Deoxyhypusine,71.073499
1042,Acetyldeoxyhypusine,113.084064
1043,Acetylhypusine,129.078979
1044,Ala->Cys,31.972071
1045,Ala->Phe,76.0313
1046,Ala->His,66.021798
1047,Ala->Xle,42.04695
1048,Ala->Lys,57.057849
1049,Ala->Met,60.003371
1050,Ala->Asn,43.005814
1051,Ala->Gln,57.021464
1052,Ala->Arg,85.063997
1053,Ala->Trp,115.042199
1054,Ala->Tyr,92.026215
1055,Cys->Ala,-31.972071
1056,Cys->Asp,12.017759
1057,Cys->Glu,26.033409
1058,Cys->His,34.049727
1059,Cys->Xle,10.07488
1060,Cys->Lys,25.085779
1061,Cys->Met,28.0313
1062,Cys->Asn,11.033743
1063,Cys->Pro,-5.956421
1064,Cys->Gln,25.049393
1065,Cys->Thr,-1.961506
1066,Cys->Val,-3.940771
1067,Asp->Cys,-12.017759
1068,Asp->Phe,32.041471
1069,Asp->Xle,-1.942879
1070,Asp->Lys,13.06802
1071,Asp->Met,16.013542
1072,Asp->Pro,-17.974179
1073,Asp->Gln,13.031634
1074,Asp->Arg,41.074168
1075,Asp->Ser,-27.994915
1076,Asp->Thr,-13.979265
1077,Asp->Trp,71.05237
1078,Glu->Cys,-26.033409
1079,Glu->Phe,18.025821
1080,Glu->His,8.016319
1081,Glu->Xle,-15.958529
1082,Glu->Met,1.997892
1083,Glu->Asn,-14.999666
1084,Glu->Pro,-31.989829
1085,Glu->Arg,27.058518
1086,Glu->Ser,-42.010565
1087,Glu->Thr,-27.994915
1088,Glu->Trp,57.03672
1089,Glu->Tyr,34.020735
1090,Phe->Ala,-76.0313
1091,Phe->Asp,-32.041471
1092,Phe->Glu,-18.025821
1093,Phe->Gly,-90.04695
1094,Phe->His,-10.009502
1095,Phe->Lys,-18.973451
1096,Phe->Met,-16.027929
1097,Phe->Asn,-33.025486
1098,Phe->Pro,-50.01565
1099,Phe->Gln,-19.009836
1100,Phe->Arg,9.032697
1101,Phe->Thr,-46.020735
1102,Phe->Trp,39.010899
1103,Gly->Phe,90.04695
1104,Gly->His,80.037448
1105,Gly->Xle,56.0626
1106,Gly->Lys,71.073499
1107,Gly->Met,74.019021
1108,Gly->Asn,57.021464
1109,Gly->Pro,40.0313
1110,Gly->Gln,71.037114
1111,Gly->Thr,44.026215
1112,Gly->Tyr,106.041865
1113,His->Ala,-66.021798
1114,His->Cys,-34.049727
1115,His->Glu,-8.016319
1116,His->Phe,10.009502
1117,His->Gly,-80.037448
1119,His->Lys,-8.963949
1120,His->Met,-6.018427
1121,His->Ser,-50.026883
1122,His->Thr,-36.011233
1123,His->Val,-37.990498
1124,His->Trp,49.020401
1125,Xle->Ala,-42.04695
1126,Xle->Cys,-10.07488
1127,Xle->Asp,1.942879
1128,Xle->Glu,15.958529
1129,Xle->Gly,-56.0626
1130,Xle->Tyr,49.979265
1131,Lys->Ala,-57.057849
1132,Lys->Cys,-25.085779
1133,Lys->Asp,-13.06802
1134,Lys->Phe,18.973451
1135,Lys->Gly,-71.073499
1136,Lys->His,8.963949
1137,Lys->Pro,-31.042199
1138,Lys->Ser,-41.062935
1139,Lys->Val,-29.026549
1140,Lys->Trp,57.98435
1141,Lys->Tyr,34.968366
1142,Met->Ala,-60.003371
1143,Met->Cys,-28.0313
1144,Met->Asp,-16.013542
1145,Met->Glu,-1.997892
1146,Met->Phe,16.027929
1147,Met->Gly,-74.019021
1148,Met->His,6.018427
1149,Met->Asn,-16.997557
1150,Met->Pro,-33.987721
1151,Met->Gln,-2.981907
1152,Met->Ser,-44.008456
1153,Met->Trp,55.038828
1154,Met->Tyr,32.022844
1155,Asn->Ala,-43.005814
1156,Asn->Cys,-11.033743
1157,Asn->Glu,14.999666
1158,Asn->Phe,33.025486
1159,Asn->Gly,-57.021464
1160,Asn->Met,16.997557
1161,Asn->Pro,-16.990164
1162,Asn->Gln,14.01565
1163,Asn->Arg,42.058184
1164,Asn->Val,-14.974514
1165,Asn->Trp,72.036386
1166,Pro->Cys,5.956421
1167,Pro->Asp,17.974179
1168,Pro->Glu,31.989829
1169,Pro->Phe,50.01565
1170,Pro->Gly,-40.0313
1171,Pro->Lys,31.042199
1172,Pro->Met,33.987721
1173,Pro->Asn,16.990164
1174,Pro->Val,2.01565
1175,Pro->Trp,89.026549
1176,Pro->Tyr,66.010565
1177,Gln->Ala,-57.021464
1178,Gln->Cys,-25.049393
1179,Gln->Asp,-13.031634
1180,Gln->Phe,19.009836
1181,Gln->Gly,-71.037114
1182,Gln->Met,2.981907
1183,Gln->Asn,-14.01565
1184,Gln->Ser,-41.026549
1185,Gln->Thr,-27.010899
1186,Gln->Val,-28.990164
1187,Gln->Trp,58.020735
1188,Gln->Tyr,35.004751
1189,Arg->Ala,-85.063997
1190,Arg->Asp,-41.074168
1191,Arg->Glu,-27.058518
1192,Arg->Asn,-42.058184
1193,Arg->Val,-57.032697
1194,Arg->Tyr,6.962218
1195,Arg->Phe,-9.032697
1196,Ser->Asp,27.994915
1197,Ser->Glu,42.010565
1198,Ser->His,50.026883
1199,Ser->Lys,41.062935
1200,Ser->Met,44.008456
1201,Ser->Gln,41.026549
1202,Ser->Val,12.036386
1203,Thr->Cys,1.961506
1204,Thr->Asp,13.979265
1205,Thr->Glu,27.994915
1206,Thr->Phe,46.020735
1207,Thr->Gly,-44.026215
1208,Thr->His,36.011233
1209,Thr->Gln,27.010899
1210,Thr->Val,-1.979265
1211,Thr->Trp,85.031634
1212,Thr->Tyr,62.01565
1213,Val->Cys,3.940771
1214,Val->His,37.990498
1215,Val->Lys,29.026549
1216,Val->Asn,14.974514
1217,Val->Pro,-2.01565
1218,Val->Gln,28.990164
1219,Val->Arg,57.032697
1220,Val->Ser,-12.036386
1221,Val->Thr,1.979265
1222,Val->Trp,87.010899
1223,Val->Tyr,63.994915
1224,Trp->Ala,-115.042199
1225,Trp->Asp,-71.05237
1226,Trp->Glu,-57.03672
1227,Trp->Phe,-39.010899
1228,Trp->His,-49.020401
1229,Trp->Lys,-57.98435
1230,Trp->Met,-55.038828
1231,Trp->Asn,-72.036386
1232,Trp->Pro,-89.026549
1233,Trp->Gln,-58.020735
1234,Trp->Thr,-85.031634
1235,Trp->Val,-87.010899
1236,Trp->Tyr,-23.015984
1237,Tyr->Ala,-92.026215
1238,Tyr->Glu,-34.020735
1239,Tyr->Gly,-106.041865
1240,Tyr->Lys,-34.968366
1241,Tyr->Met,-32.022844
1242,Tyr->Pro,-66.010565
1243,Tyr->Gln,-35.004751
1244,Tyr->Arg,-6.962218
1245,Tyr->Thr,-62.01565
1246,Tyr->Val,-63.994915
1247,Tyr->Trp,23.015984
1248,Tyr->Xle,-49.979265
1249,AHA-SS,195.075625
1250,AHA-SS_CAM,252.097088
1251,Biotin:Thermo-33033,548.223945
1252,Biotin:Thermo-33033-H,546.208295
1253,2-monomethylsuccinyl,130.026609
1254,Saligenin,106.041865
1255,Cresylphosphate,170.013281
1256,CresylSaligeninPhosphate,276.055146
1257,Ub-Br2,100.063663
1258,Ub-VME,172.084792
1261,Ub-fluorescein,597.209772
1262,2-dimethylsuccinyl,144.042259
1263,Gly,57.021464
1264,pupylation,243.085521
1266,Label:13C(4),4.013419
1267,Label:13C(4)+Oxidation,20.008334
1270,HCysThiolactone,117.024835
1271,HCysteinyl,133.019749
1276,UgiJoullie,1106.48935
1277,Dipyridyl,225.090212
1278,Furan,66.010565
1279,Difuran,132.021129
1281,BMP-piperidinol,263.131014
1282,UgiJoullieProGly,154.074228
1283,UgiJoullieProGlyProGly,308.148455
1286,IMEHex(2)NeuAc(1),688.199683
1287,Arg-loss,-156.101111
1288,Arg,156.101111
1289,Butyryl,70.041865
1290,Dicarbamidomethyl,114.042927
1291,Dimethyl:2H(6),34.068961
1292,GGQ,242.101505
1293,QTGG,343.149184
1296,Label:13C(3),3.010064
1297,Label:13C(3)15N(1),4.007099
1298,Label:13C(4)15N(1),5.010454
1299,Label:2H(10),10.062767
1300,Label:2H(4)13C(1),5.028462
1301,Lys,128.094963
1302,mTRAQ:13C(6)15N(2),148.109162
1303,NeuAc,291.095417
1304,NeuGc,307.090331
1305,Propyl,42.04695
1306,Propyl:2H(6),48.084611
1310,Propiophenone,132.057515
1312,Delta:H(6)C(3)O(1),58.041865
1313,Delta:H(8)C(6)O(1),96.057515
1314,biotinAcrolein298,298.146347
1315,MM-diphenylpentanone,265.146664
1317,EHD-diphenylpentanone,266.13068
1320,Biotin:Thermo-21901+2H2O,561.246849
1321,DiLeu4plex115,145.12
1322,DiLeu4plex,145.132163
1323,DiLeu4plex117,145.128307
1324,DiLeu4plex118,145.140471
1326,NEMsulfur,157.019749
1327,SulfurDioxide,63.9619
1328,NEMsulfurWater,175.030314
1330,bisANS-sulfonates,434.178299
1331,DNCB_hapten,166.001457
1340,Biotin:Thermo-21911,921.461652
1341,iodoTMT,324.216141
1342,iodoTMT6plex,329.226595
1344,Phosphogluconoylation,258.014069
1345,PS_Hapten,120.021129
1348,Cy3-maleimide,753.262796
1349,benzylguanidine,132.068748
1350,CarboxymethylDMAP,162.079313
1355,azole,-20.026215
1356,phosphoRibosyl,212.00859
1358,NEM:2H(5)+H2O,148.089627
1363,Crotonyl,68.026215
1364,O-Et-N-diMePhospho,135.044916
1365,N-dimethylphosphate,107.013615
1367,dHex(1)Hex(1),308.110732
1368,Methyl:2H(3)+Acetyl:2H(3),62.063875
1370,Label:2H(3)+Oxidation,19.013745
1371,Trimethyl:2H(9),51.103441
1372,Acetyl:13C(2),44.017274
1375,dHex(1)Hex(2),470.163556
1376,dHex(1)Hex(3),632.216379
1377,dHex(1)Hex(4),794.269203
1378,dHex(1)Hex(5),956.322026
1379,dHex(1)Hex(6),1118.37485
1380,methylsulfonylethyl,106.00885
1381,ethylsulfonylethyl,120.0245
1382,phenylsulfonylethyl,168.0245
1383,PyridoxalPhosphateH2,231.02966
1384,Homocysteic_acid,33.969094
1385,Hydroxamic_acid,15.010899
1387,3-phosphoglyceryl,167.982375
1388,HN2_mustard,101.084064
1389,HN3_mustard,131.094629
1390,Oxidation+NEM,141.042593
1391,NHS-fluorescein,471.131802
1392,DiART6plex,217.162932
1393,DiART6plex115,217.156612
1394,DiART6plex116/119,217.168776
1395,DiART6plex117,217.162456
1396,DiART6plex118,217.175096
1397,Iodoacetanilide,133.052764
1398,Iodoacetanilide:13C(6),139.072893
1399,Dap-DSP,364.076278
1400,MurNAc,275.100502
1402,Label:2H(7)15N(4),11.032077
1403,Label:2H(6)15N(1),7.034695
1405,EEEDVIEVYQEQTGG,1705.73189
1406,EDEDTIDVFQQQTGG,1662.700924
1408,Hex(5)HexNAc(4)NeuAc(2),2204.772441
1409,Hex(5)HexNAc(4)NeuAc(1),1913.677025
1410,dHex(1)Hex(5)HexNAc(4)NeuAc(1),2059.734933
1411,dHex(1)Hex(5)HexNAc(4)NeuAc(2),2350.83035
1412,s-GlcNAc,283.036187
1413,PhosphoHex(2),404.071978
1414,Trimethyl:13C(3)2H(9),54.113505
1419,15N-oxobutanoic,-18.023584
1420,spermine,185.189198
1421,spermidine,128.131349
1423,Biotin:Thermo-21330,473.219571
1425,Pentose,132.042259
1426,Hex(1)Pent(1),294.095082
1427,Hex(1)HexA(1),338.084912
1428,Hex(1)Pent(2),426.137341
1429,Hex(1)HexNAc(1)Phos(1),445.098527
1430,Hex(1)HexNAc(1)Sulf(1),445.089011
1431,Hex(1)NeuAc(1),453.14824
1432,Hex(1)NeuGc(1),469.143155
1433,HexNAc(3),609.238118
1434,HexNAc(1)NeuAc(1),494.174789
1435,HexNAc(1)NeuGc(1),510.169704
1436,Hex(1)HexNAc(1)dHex(1)Me(1),525.205755
1437,Hex(1)HexNAc(1)dHex(1)Me(2),539.221405
1438,Hex(2)HexNAc(1),527.18502
1439,Hex(1)HexA(1)HexNAc(1),541.164284
1440,Hex(2)HexNAc(1)Me(1),541.20067
1441,Hex(1)Pent(3),558.1796
1442,Hex(1)NeuAc(1)Pent(1),585.190499
1443,Hex(2)HexNAc(1)Sulf(1),607.141834
1444,Hex(2)NeuAc(1),615.201064
1445,dHex(2)Hex(2),616.221465
1446,dHex(1)Hex(2)HexA(1),646.195644
1447,Hex(1)HexNAc(2)Sulf(1),648.168383
1448,Hex(4),648.211294
1449,dHex(1)Hex(2)HexNAc(2)Pent(1),1008.36456
1450,Hex(2)HexNAc(2)NeuAc(1),1021.359809
1451,Hex(3)HexNAc(2)Pent(1),1024.359475
1452,Hex(4)HexNAc(2),1054.370039
1453,dHex(1)Hex(4)HexNAc(1)Pent(1),1129.390834
1454,dHex(1)Hex(3)HexNAc(2)Pent(1),1170.417383
1455,Hex(3)HexNAc(2)NeuAc(1),1183.412632
1456,Hex(4)HexNAc(2)Pent(1),1186.412298
1457,Hex(3)HexNAc(3)Pent(1),1227.438847
1458,Hex(5)HexNAc(2)Phos(1),1296.389194
1459,dHex(1)Hex(4)HexNAc(2)Pent(1),1332.470207
1460,Hex(7)HexNAc(1),1337.449137
1461,Hex(4)HexNAc(2)NeuAc(1),1345.465456
1462,dHex(1)Hex(5)HexNAc(2),1362.480772
1463,dHex(1)Hex(3)HexNAc(3)Pent(1),1373.496756
1464,Hex(3)HexNAc(4)Sulf(1),1378.432776
1465,Hex(6)HexNAc(2),1378.475686
1466,Hex(4)HexNAc(3)Pent(1),1389.491671
1467,dHex(1)Hex(4)HexNAc(3),1403.507321
1468,Hex(5)HexNAc(3),1419.502235
1469,Hex(3)HexNAc(4)Pent(1),1430.51822
1470,Hex(6)HexNAc(2)Phos(1),1458.442017
1471,dHex(1)Hex(4)HexNAc(3)Sulf(1),1483.464135
1472,dHex(1)Hex(5)HexNAc(2)Pent(1),1494.52303
1473,Hex(8)HexNAc(1),1499.501961
1474,dHex(1)Hex(3)HexNAc(3)Pent(2),1505.539015
1475,dHex(2)Hex(3)HexNAc(3)Pent(1),1519.554665
1476,dHex(1)Hex(3)HexNAc(4)Sulf(1),1524.490684
1477,dHex(1)Hex(6)HexNAc(2),1524.533595
1478,dHex(1)Hex(4)HexNAc(3)Pent(1),1535.549579
1479,Hex(4)HexNAc(4)Sulf(1),1540.485599
1480,Hex(7)HexNAc(2),1540.52851
1481,dHex(2)Hex(4)HexNAc(3),1549.56523
1482,Hex(5)HexNAc(3)Pent(1),1551.544494
1483,Hex(4)HexNAc(3)NeuGc(1),1564.539743
1484,dHex(1)Hex(5)HexNAc(3),1565.560144
1485,dHex(1)Hex(3)HexNAc(4)Pent(1),1576.576129
1486,Hex(3)HexNAc(5)Sulf(1),1581.512148
1487,Hex(6)HexNAc(3),1581.555059
1488,Hex(3)HexNAc(4)NeuAc(1),1589.571378
1489,Hex(4)HexNAc(4)Pent(1),1592.571043
1490,Hex(7)HexNAc(2)Phos(1),1620.494841
1491,Hex(4)HexNAc(4)Me(2)Pent(1),1620.602343
1492,dHex(1)Hex(3)HexNAc(3)Pent(3),1637.581274
1493,dHex(1)Hex(5)HexNAc(3)Sulf(1),1645.516959
1494,dHex(2)Hex(3)HexNAc(3)Pent(2),1651.596924
1495,Hex(6)HexNAc(3)Phos(1),1661.52139
1496,Hex(4)HexNAc(5),1663.608157
1497,dHex(3)Hex(3)HexNAc(3)Pent(1),1665.612574
1498,dHex(2)Hex(4)HexNAc(3)Pent(1),1681.607488
1499,dHex(1)Hex(4)HexNAc(4)Sulf(1),1686.543508
1500,dHex(1)Hex(7)HexNAc(2),1686.586419
1501,dHex(1)Hex(4)HexNAc(3)NeuAc(1),1694.602737
1502,Hex(7)HexNAc(2)Phos(2),1700.461172
1503,Hex(5)HexNAc(4)Sulf(1),1702.538423
1504,Hex(8)HexNAc(2),1702.581333
1505,dHex(1)Hex(3)HexNAc(4)Pent(2),1708.618387
1506,dHex(1)Hex(4)HexNAc(3)NeuGc(1),1710.597652
1507,dHex(2)Hex(3)HexNAc(4)Pent(1),1722.634037
1508,dHex(1)Hex(3)HexNAc(5)Sulf(1),1727.570057
1509,dHex(1)Hex(6)HexNAc(3),1727.612968
1510,dHex(1)Hex(3)HexNAc(4)NeuAc(1),1735.629286
1511,dHex(3)Hex(3)HexNAc(4),1736.649688
1512,dHex(1)Hex(4)HexNAc(4)Pent(1),1738.628952
1513,Hex(4)HexNAc(5)Sulf(1),1743.564972
1514,Hex(7)HexNAc(3),1743.607882
1515,dHex(1)Hex(4)HexNAc(3)NeuAc(1)Sulf(1),1774.559552
1516,Hex(5)HexNAc(4)Me(2)Pent(1),1782.655167
1517,Hex(3)HexNAc(6)Sulf(1),1784.591521
1518,dHex(1)Hex(6)HexNAc(3)Sulf(1),1807.569782
1519,dHex(1)Hex(4)HexNAc(5),1809.666066
1520,dHex(1)Hex(5)HexA(1)HexNAc(3)Sulf(1),1821.549047
1521,Hex(7)HexNAc(3)Phos(1),1823.574213
1522,Hex(6)HexNAc(4)Me(3),1826.681382
1523,dHex(2)Hex(4)HexNAc(4)Sulf(1),1832.601417
1524,Hex(4)HexNAc(3)NeuAc(2),1839.640245
1525,dHex(1)Hex(3)HexNAc(4)Pent(3),1840.660646
1526,dHex(2)Hex(5)HexNAc(3)Pent(1),1843.660312
1527,dHex(1)Hex(5)HexNAc(4)Sulf(1),1848.596331
1528,dHex(2)Hex(3)HexNAc(4)Pent(2),1854.676296
1529,dHex(1)Hex(5)HexNAc(3)NeuAc(1),1856.655561
1530,Hex(3)HexNAc(6)Sulf(2),1864.548335
1531,Hex(9)HexNAc(2),1864.634157
1532,Hex(4)HexNAc(6),1866.68753
1533,dHex(3)Hex(3)HexNAc(4)Pent(1),1868.691946
1534,dHex(1)Hex(5)HexNAc(3)NeuGc(1),1872.650475
1535,dHex(2)Hex(4)HexNAc(4)Pent(1),1884.686861
1536,dHex(1)Hex(4)HexNAc(5)Sulf(1),1889.62288
1537,dHex(1)Hex(7)HexNAc(3),1889.665791
1538,dHex(1)Hex(5)HexNAc(4)Pent(1),1900.681776
1539,dHex(1)Hex(5)HexA(1)HexNAc(3)Sulf(2),1901.505861
1540,Hex(3)HexNAc(7),1907.714079
1541,dHex(2)Hex(5)HexNAc(4),1914.697426
1542,dHex(2)Hex(4)HexNAc(3)NeuAc(1)Sulf(1),1920.617461
1543,dHex(1)Hex(5)HexNAc(4)Sulf(2),1928.553146
1544,dHex(1)Hex(5)HexNAc(4)Me(2)Pent(1),1928.713076
1545,Hex(5)HexNAc(4)NeuGc(1),1929.671939
1546,dHex(1)Hex(3)HexNAc(6)Sulf(1),1930.64943
1547,dHex(1)Hex(6)HexNAc(4),1930.69234
1548,dHex(1)Hex(5)HexNAc(3)NeuAc(1)Sulf(1),1936.612375
1549,Hex(7)HexNAc(4),1946.687255
1550,dHex(1)Hex(5)HexNAc(3)NeuGc(1)Sulf(1),1952.60729
1551,Hex(4)HexNAc(5)NeuAc(1),1954.703574
1552,Hex(6)HexNAc(4)Me(3)Pent(1),1958.72364
1553,dHex(1)Hex(7)HexNAc(3)Sulf(1),1969.622606
1554,dHex(1)Hex(7)HexNAc(3)Phos(1),1969.632122
1555,dHex(1)Hex(5)HexNAc(5),1971.718889
1556,dHex(1)Hex(4)HexNAc(4)NeuAc(1)Sulf(1),1977.638925
1557,dHex(3)Hex(4)HexNAc(4)Sulf(1),1978.659326
1558,Hex(3)HexNAc(7)Sulf(1),1987.670893
1559,Hex(6)HexNAc(5),1987.713804
1560,Hex(5)HexNAc(4)NeuAc(1)Sulf(1),1993.633839
1561,Hex(3)HexNAc(6)NeuAc(1),1995.730123
1562,dHex(2)Hex(3)HexNAc(6),1996.750524
1563,Hex(1)HexNAc(1)NeuGc(1),672.222527
1564,dHex(1)Hex(2)HexNAc(1),673.242928
1565,HexNAc(3)Sulf(1),689.194932
1566,Hex(3)HexNAc(1),689.237843
1567,Hex(1)HexNAc(1)Kdn(1)Sulf(1),695.157878
1568,HexNAc(2)NeuAc(1),697.254162
1570,HexNAc(1)Kdn(2),703.217108
1571,Hex(3)HexNAc(1)Me(1),703.253493
1572,Hex(2)HexA(1)Pent(1)Sulf(1),712.136808
1573,HexNAc(2)NeuGc(1),713.249076
1575,Hex(4)Phos(1),728.177625
1577,Hex(1)HexNAc(1)NeuAc(1)Sulf(1),736.184427
1578,Hex(1)HexA(1)HexNAc(2),744.243657
1579,dHex(1)Hex(2)HexNAc(1)Sulf(1),753.199743
1580,dHex(1)HexNAc(3),755.296027
1581,dHex(1)Hex(1)HexNAc(1)Kdn(1),761.258973
1582,Hex(1)HexNAc(3),771.290941
1583,HexNAc(2)NeuAc(1)Sulf(1),777.210976
1584,dHex(2)Hex(3),778.274288
1585,Hex(2)HexA(1)HexNAc(1)Sulf(1),783.173922
1586,dHex(2)Hex(2)HexA(1),792.253553
1587,dHex(1)Hex(1)HexNAc(2)Sulf(1),794.226292
1588,dHex(1)Hex(1)HexNAc(1)NeuAc(1),802.285522
1589,Hex(2)HexNAc(2)Sulf(1),810.221207
1590,Hex(5),810.264117
1591,HexNAc(4),812.31749
1592,HexNAc(1)NeuGc(2),817.260035
1593,dHex(1)Hex(1)HexNAc(1)NeuGc(1),818.280436
1594,dHex(2)Hex(2)HexNAc(1),819.300837
1595,Hex(2)HexNAc(1)NeuGc(1),834.275351
1596,dHex(1)Hex(3)HexNAc(1),835.295752
1597,dHex(1)Hex(2)HexA(1)HexNAc(1),849.275017
1598,Hex(1)HexNAc(3)Sulf(1),851.247756
1599,Hex(4)HexNAc(1),851.290667
1600,Hex(1)HexNAc(2)NeuAc(1),859.306985
1602,Hex(1)HexNAc(2)NeuGc(1),875.3019
1604,Hex(5)Phos(1),890.230448
1606,dHex(2)Hex(1)HexNAc(1)Kdn(1),907.316881
1607,dHex(1)Hex(3)HexNAc(1)Sulf(1),915.252567
1608,dHex(1)Hex(1)HexNAc(3),917.34885
1609,dHex(1)Hex(2)HexA(1)HexNAc(1)Sulf(1),929.231831
1610,Hex(2)HexNAc(3),933.343765
1611,Hex(1)HexNAc(2)NeuAc(1)Sulf(1),939.2638
1612,dHex(2)Hex(4),940.327112
1614,dHex(2)HexNAc(2)Kdn(1),948.34343
1615,dHex(1)Hex(2)HexNAc(2)Sulf(1),956.279116
1616,dHex(1)HexNAc(4),958.375399
1617,Hex(1)HexNAc(1)NeuAc(1)NeuGc(1),963.317944
1618,dHex(1)Hex(1)HexNAc(2)Kdn(1),964.338345
1619,Hex(1)HexNAc(1)NeuGc(2),979.312859
1620,Hex(1)HexNAc(1)NeuAc(2)Ac(1),989.333594
1621,dHex(2)Hex(2)HexA(1)HexNAc(1),995.332925
1622,dHex(1)Hex(1)HexNAc(3)Sulf(1),997.305665
1623,Hex(2)HexA(1)NeuAc(1)Pent(1)Sulf(1),1003.232225
1624,dHex(1)Hex(1)HexNAc(2)NeuAc(1),1005.364894
1625,dHex(1)Hex(3)HexA(1)HexNAc(1),1011.32784
1626,Hex(2)HexNAc(3)Sulf(1),1013.300579
1627,Hex(5)HexNAc(1),1013.34349
1628,HexNAc(5),1015.396863
1630,Hex(1)HexNAc(1)NeuAc(2)Ac(2),1031.344159
1631,Hex(2)HexNAc(2)NeuGc(1),1037.354723
1632,Hex(5)Phos(3),1050.16311
1633,Hex(6)Phos(1),1052.283272
1634,dHex(1)Hex(2)HexA(1)HexNAc(2),1052.354389
1635,dHex(2)Hex(3)HexNAc(1)Sulf(1),1061.310475
1636,Hex(1)HexNAc(3)NeuAc(1),1062.386358
1637,dHex(2)Hex(1)HexNAc(3),1063.406759
1638,Hex(1)HexNAc(3)NeuGc(1),1078.381273
1639,dHex(1)Hex(1)HexNAc(2)NeuAc(1)Sulf(1),1085.321709
1640,dHex(1)Hex(3)HexA(1)HexNAc(1)Sulf(1),1091.284655
1641,dHex(1)Hex(1)HexA(1)HexNAc(3),1093.380938
1642,Hex(2)HexNAc(2)NeuAc(1)Sulf(1),1101.316623
1643,dHex(2)Hex(2)HexNAc(2)Sulf(1),1102.337025
1644,dHex(2)Hex(1)HexNAc(2)Kdn(1),1110.396254
1645,dHex(1)Hex(1)HexNAc(4),1120.428223
1646,Hex(2)HexNAc(4),1136.423137
1647,Hex(2)HexNAc(1)NeuGc(2),1141.365682
1648,dHex(2)Hex(4)HexNAc(1),1143.406484
1649,Hex(1)HexNAc(2)NeuAc(2),1150.402402
1650,dHex(2)Hex(1)HexNAc(2)NeuAc(1),1151.422803
1651,dHex(1)Hex(2)HexNAc(3)Sulf(1),1159.358488
1652,dHex(1)HexNAc(5),1161.454772
1653,dHex(2)Hex(1)HexNAc(2)NeuGc(1),1167.417718
1654,dHex(3)Hex(2)HexNAc(2),1168.438119
1655,Hex(3)HexNAc(3)Sulf(1),1175.353403
1656,dHex(2)Hex(2)HexNAc(2)Sulf(2),1182.293839
1657,dHex(1)Hex(2)HexNAc(2)NeuGc(1),1183.412632
1658,dHex(1)Hex(1)HexNAc(3)NeuAc(1),1208.444267
1659,Hex(6)Phos(3),1212.215934
1660,dHex(1)Hex(3)HexA(1)HexNAc(2),1214.407213
1661,dHex(1)Hex(1)HexNAc(3)NeuGc(1),1224.439181
1662,Hex(1)HexNAc(2)NeuAc(2)Sulf(1),1230.359217
1663,dHex(2)Hex(3)HexA(1)HexNAc(1)Sulf(1),1237.342563
1664,Hex(1)HexNAc(1)NeuAc(3),1238.418446
1665,Hex(2)HexNAc(3)NeuGc(1),1240.434096
1666,dHex(1)Hex(2)HexNAc(2)NeuAc(1)Sulf(1),1247.374532
1667,dHex(3)Hex(1)HexNAc(2)Kdn(1),1256.454163
1668,dHex(2)Hex(3)HexNAc(2)Sulf(1),1264.389848
1669,dHex(2)Hex(2)HexNAc(2)Kdn(1),1272.449077
1670,dHex(2)Hex(2)HexA(1)HexNAc(2)Sulf(1),1278.369113
1671,dHex(1)Hex(2)HexNAc(4),1282.481046
1672,Hex(1)HexNAc(1)NeuGc(3),1286.40319
1673,dHex(1)Hex(1)HexNAc(3)NeuAc(1)Sulf(1),1288.401081
1674,dHex(1)Hex(3)HexA(1)HexNAc(2)Sulf(1),1294.364027
1675,dHex(1)Hex(1)HexNAc(2)NeuAc(2),1296.460311
1676,dHex(3)HexNAc(3)Kdn(1),1297.480712
1678,Hex(2)HexNAc(3)NeuAc(1)Sulf(1),1304.395996
1679,dHex(2)Hex(2)HexNAc(3)Sulf(1),1305.416397
1680,dHex(2)HexNAc(5),1307.512681
1681,Hex(2)HexNAc(2)NeuAc(2),1312.455225
1682,dHex(2)Hex(2)HexNAc(2)NeuAc(1),1313.475627
1683,dHex(1)Hex(3)HexNAc(3)Sulf(1),1321.411312
1684,dHex(2)Hex(2)HexNAc(2)NeuGc(1),1329.470541
1685,Hex(2)HexNAc(5),1339.50251
1686,dHex(1)Hex(3)HexNAc(2)NeuGc(1),1345.465456
1687,Hex(1)HexNAc(3)NeuAc(2),1353.481775
1688,dHex(1)Hex(2)HexNAc(3)NeuAc(1),1370.49709
1689,dHex(3)Hex(2)HexNAc(3),1371.517491
1690,Hex(7)Phos(3),1374.268757
1691,dHex(1)Hex(4)HexA(1)HexNAc(2),1376.460036
1692,Hex(3)HexNAc(3)NeuAc(1),1386.492005
1693,dHex(1)Hex(3)HexA(2)HexNAc(2),1390.439301
1694,Hex(2)HexNAc(2)NeuAc(2)Sulf(1),1392.41204
1695,dHex(2)Hex(2)HexNAc(2)NeuAc(1)Sulf(1),1393.432441
1696,Hex(3)HexNAc(3)NeuGc(1),1402.48692
1697,dHex(4)Hex(1)HexNAc(2)Kdn(1),1402.512072
1698,dHex(3)Hex(2)HexNAc(2)Kdn(1),1418.506986
1699,dHex(3)Hex(2)HexA(1)HexNAc(2)Sulf(1),1424.427021
1700,Hex(2)HexNAc(4)NeuAc(1),1427.518554
1701,dHex(2)Hex(2)HexNAc(4),1428.538955
1702,dHex(2)Hex(3)HexA(1)HexNAc(2)Sulf(1),1440.421936
1703,dHex(4)HexNAc(3)Kdn(1),1443.538621
1705,Hex(2)HexNAc(1)NeuGc(3),1448.456013
1706,dHex(4)Hex(1)HexNAc(1)Kdn(2),1449.501567
1707,dHex(1)Hex(2)HexNAc(3)NeuAc(1)Sulf(1),1450.453905
1708,dHex(1)Hex(2)HexNAc(2)NeuAc(2),1458.513134
1709,dHex(3)Hex(1)HexNAc(3)Kdn(1),1459.533535
1711,Hex(3)HexNAc(3)NeuAc(1)Sulf(1),1466.44882
1712,Hex(3)HexNAc(2)NeuAc(2),1474.508049
1713,Hex(3)HexNAc(3)NeuGc(1)Sulf(1),1482.443734
1714,dHex(1)Hex(2)HexNAc(2)NeuGc(2),1490.502964
1715,dHex(2)Hex(3)HexNAc(2)NeuGc(1),1491.523365
1716,dHex(1)Hex(3)HexA(1)HexNAc(3)Sulf(1),1497.4434
1717,Hex(2)HexNAc(3)NeuAc(2),1515.534598
1718,dHex(2)Hex(2)HexNAc(3)NeuAc(1),1516.554999
1719,dHex(4)Hex(2)HexNAc(3),1517.5754
1720,Hex(2)HexNAc(3)NeuAc(1)NeuGc(1),1531.529513
1721,dHex(2)Hex(2)HexNAc(3)NeuGc(1),1532.549914
1722,dHex(3)Hex(3)HexNAc(3),1533.570315
1723,Hex(8)Phos(3),1536.321581
1724,dHex(1)Hex(2)HexNAc(2)NeuAc(2)Sulf(1),1538.469949
1725,Hex(2)HexNAc(3)NeuGc(2),1547.524427
1726,dHex(4)Hex(2)HexNAc(2)Kdn(1),1564.564895
1727,dHex(1)Hex(2)HexNAc(4)NeuAc(1),1573.576463
1728,dHex(3)Hex(2)HexNAc(4),1574.596864
1729,Hex(1)HexNAc(1)NeuGc(4),1593.493521
1730,dHex(4)Hex(1)HexNAc(3)Kdn(1),1605.591444
1732,Hex(4)HexNAc(4)Sulf(2),1620.442414
1733,dHex(3)Hex(2)HexNAc(3)Kdn(1),1621.586359
1735,dHex(2)Hex(2)HexNAc(5),1631.618328
1736,dHex(2)Hex(3)HexA(1)HexNAc(3)Sulf(1),1643.501309
1737,dHex(1)Hex(4)HexA(1)HexNAc(3)Sulf(1),1659.496223
1738,Hex(3)HexNAc(3)NeuAc(2),1677.587422
1739,dHex(2)Hex(3)HexNAc(3)NeuAc(1),1678.607823
1740,dHex(4)Hex(3)HexNAc(3),1679.628224
1742,Hex(9)Phos(3),1698.374404
1743,dHex(2)HexNAc(7),1713.671426
1744,Hex(2)HexNAc(1)NeuGc(4),1755.546345
1745,Hex(3)HexNAc(3)NeuAc(2)Sulf(1),1757.544236
1746,dHex(2)Hex(3)HexNAc(5),1793.671151
1747,dHex(1)Hex(2)HexNAc(2)NeuGc(3),1797.593295
1748,dHex(2)Hex(4)HexA(1)HexNAc(3)Sulf(1),1805.554132
1749,Hex(2)HexNAc(3)NeuAc(3),1806.630015
1750,dHex(1)Hex(3)HexNAc(3)NeuAc(2),1823.64533
1751,dHex(3)Hex(3)HexNAc(3)NeuAc(1),1824.665732
1752,Hex(2)HexNAc(3)NeuGc(3),1854.614759
1753,Hex(10)Phos(3),1860.427228
1754,dHex(1)Hex(2)HexNAc(4)NeuAc(2),1864.67188
1755,Hex(1)HexNAc(1)NeuGc(5),1900.583852
1756,Hex(4)HexNAc(4)NeuAc(1)Sulf(2),1911.53783
1757,Hex(4)HexNAc(4)NeuGc(1)Sulf(2),1927.532745
1758,dHex(2)Hex(3)HexNAc(3)NeuAc(2),1969.703239
1759,Hex(4)HexNAc(4)NeuAc(1)Sulf(3),1991.494645
1760,dHex(2)Hex(2)HexNAc(2),1022.38021
1761,dHex(1)Hex(3)HexNAc(2),1038.375125
1762,dHex(1)Hex(2)HexNAc(3),1079.401674
1763,Hex(3)HexNAc(3),1095.396588
1764,dHex(1)Hex(3)HexNAc(2)Sulf(1),1118.331939
1765,dHex(2)Hex(3)HexNAc(2),1184.433033
1766,dHex(1)Hex(4)HexNAc(2),1200.427948
1767,dHex(2)Hex(2)HexNAc(3),1225.459583
1768,dHex(1)Hex(3)HexNAc(3),1241.454497
1769,Hex(4)HexNAc(3),1257.449412
1770,dHex(2)Hex(4)HexNAc(2),1346.485857
1771,dHex(2)Hex(3)HexNAc(3),1387.512406
1772,Hex(3)HexNAc(5),1501.555334
1773,Hex(4)HexNAc(3)NeuAc(1),1548.544828
1774,dHex(2)Hex(3)HexNAc(4),1590.591779
1775,dHex(1)Hex(3)HexNAc(5),1647.613242
1776,Hex(3)HexNAc(6),1704.634706
1777,Hex(4)HexNAc(4)NeuAc(1),1751.624201
1778,dHex(2)Hex(4)HexNAc(4),1752.644602
1779,Hex(6)HexNAc(4),1784.634431
1780,Hex(5)HexNAc(5),1825.660981
1781,dHex(1)Hex(3)HexNAc(6),1850.692615
1782,dHex(1)Hex(4)HexNAc(4)NeuAc(1),1897.68211
1783,dHex(3)Hex(4)HexNAc(4),1898.702511
1784,dHex(1)Hex(3)HexNAc(5)NeuAc(1),1938.708659
1785,dHex(2)Hex(4)HexNAc(5),1955.723975
1786,Hex(1)HexNAc(1)NeuAc(1)Ac(1),698.238177
1787,Label:13C(2)15N(2),4.00078
1789,Xlink:DSS[155],155.094629
1799,NQIGG,469.228496
1800,Carboxyethylpyrrole,122.036779
1801,Fluorescein-tyramine,493.116152
1824,GEE,86.036779
1825,RNPXL,324.035867
1826,Glu->pyro-Glu+Methyl,-3.994915
1827,Glu->pyro-Glu+Methyl:2H(2)13C(1),-0.979006
1828,LRGG+methyl,397.243753
1829,LRGG+dimethyl,411.259403
1830,Biotin-tyramide,361.146012
1831,Tris,104.071154
1832,IASD,452.034807
1833,NP40,220.182715
1834,Tween20,165.164326
1835,Tween80,263.237491
1836,Triton,188.156501
1837,Brij35,168.187801
1838,Brij58,224.250401
1839,betaFNA,454.210387
1840,dHex(1)Hex(7)HexNAc(4),2092.745164
1841,Biotin:Thermo-21328,389.090154
1843,PhosphoCytidine,305.041287
1845,AzidoF,41.001397
1846,Dimethylaminoethyl,71.073499
1848,Gluratylation,114.031694
1849,hydroxyisobutyryl,86.036779
1868,MeMePhosphorothioate,107.979873
1870,Cation:Fe[III],52.911464
1871,DTT,151.996571
1872,DYn-2,161.09664
1873,MesitylOxide,98.073165
1875,methylol,30.010565
1877,Xlink:DSS[259],259.141973
1878,Xlink:DSSO[176],176.01433
1879,Xlink:DSSO[175],175.030314
1880,Xlink:DSSO[279],279.077658
1881,Xlink:DSSO[54],54.010565
1882,Xlink:DSSO[86],85.982635
1883,Xlink:DSSO[104],103.9932
1885,Xlink:BuUrBu[111],111.032028
1886,Xlink:BuUrBu[85],85.052764
1887,Xlink:BuUrBu[213],213.111341
1888,Xlink:BuUrBu[214],214.095357
1889,Xlink:BuUrBu[317],317.158686
1896,Xlink:DSSO[158],158.003765
1897,Xlink:EGS[226],226.047738
1898,Xlink:DSS[138],138.06808
1899,Xlink:BuUrBu[196],196.084792
1900,Xlink:DTBP[172],172.01289
1901,Xlink:DST[114],113.995309
1902,Xlink:DTSSP[174],173.980921
1903,Xlink:SMCC[219],219.089543
1905,Xlink:BS2G[96],96.021129
1906,Xlink:BS2G[113],113.047679
1907,Xlink:BS2G[114],114.031694
1908,Xlink:BS2G[217],217.095023
1910,Cation:Al[III],23.958063
1911,Xlink:DMP[139],139.110947
1912,Xlink:DMP[122],122.084398
1913,glyoxalAGE,21.98435
1914,Met->AspSA,-32.008456
1915,Decarboxylation,-30.010565
1916,Aspartylurea,-10.031969
1917,Formylasparagine,4.97893
1918,Carbonyl,13.979265
1920,AFB1_Dialdehyde,310.047738
1922,Pro->HAVA,18.010565
1923,Delta:H(-4)O(2),27.958529
1924,Delta:H(-4)O(3),43.953444
1925,Delta:O(4),63.979659
1926,Delta:H(4)C(3)O(2),72.021129
1927,Delta:H(4)C(5)O(1),80.026215
1928,Delta:H(10)C(8)O(1),122.073165
1929,Delta:H(6)C(7)O(4),154.026609
1930,Pent(2),264.084518
1931,Pent(1)HexNAc(1),335.121631
1932,Hex(2)Sulf(1),404.062462
1933,Hex(1)Pent(2)Me(1),440.152991
1934,HexNAc(2)Sulf(1),486.11556
1935,Hex(1)Pent(3)Me(1),572.19525
1936,Hex(2)Pent(2),588.190165
1937,Hex(2)Pent(2)Me(1),602.205815
1938,Hex(4)HexA(1),824.243382
1939,Hex(2)HexNAc(1)Pent(1)HexA(1),835.259366
1940,Hex(3)HexNAc(1)HexA(1),865.269931
1941,Hex(1)HexNAc(2)dHex(2)Sulf(1),940.284201
1942,HexA(2)HexNAc(3),961.302294
1943,dHex(1)Hex(4)HexA(1),970.301291
1944,Hex(5)HexA(1),986.296206
1945,Hex(4)HexA(1)HexNAc(1),1027.322755
1946,dHex(3)Hex(3)HexNAc(1),1127.41157
1947,Hex(6)HexNAc(1),1175.396314
1948,Hex(1)HexNAc(4)dHex(1)Sulf(1),1200.385037
1949,dHex(1)Hex(2)HexNAc(1)NeuAc(2),1255.433762
1950,dHex(3)Hex(3)HexNAc(2),1330.490942
1951,dHex(2)Hex(1)HexNAc(4)Sulf(1),1346.442946
1952,dHex(1)Hex(2)HexNAc(4)Sulf(2),1442.394675
1953,Hex(9),1458.475412
1954,dHex(2)Hex(3)HexNAc(3)Sulf(1),1467.469221
1955,dHex(2)Hex(5)HexNAc(2)Me(1),1522.554331
1956,dHex(2)Hex(2)HexNAc(4)Sulf(2),1588.452584
1957,Hex(9)HexNAc(1),1661.554784
1958,dHex(3)Hex(2)HexNAc(4)Sulf(2),1734.510493
1959,Hex(4)HexNAc(4)NeuGc(1),1767.619116
1960,dHex(4)Hex(3)HexNAc(2)NeuAc(1),1767.644268
1961,Hex(3)HexNAc(5)NeuAc(1),1792.65075
1962,Hex(10)HexNAc(1),1823.607608
1963,dHex(1)Hex(8)HexNAc(2),1848.639242
1964,Hex(3)HexNAc(4)NeuAc(2),1880.666794
1965,dHex(2)Hex(3)HexNAc(4)NeuAc(1),1881.687195
1966,dHex(2)Hex(2)HexNAc(6)Sulf(1),1914.654515
1967,Hex(5)HexNAc(4)NeuAc(1)Ac(1),1955.687589
1968,Hex(3)HexNAc(3)NeuAc(3),1968.682838
1969,Hex(5)HexNAc(4)NeuAc(1)Ac(2),1997.698154
1970,Unknown:162,162.125595
1971,Unknown:177,176.744957
1972,Unknown:210,210.16198
1973,Unknown:216,216.099774
1974,Unknown:234,234.073953
1975,Unknown:248,248.19876
1976,Unknown:250,249.981018
1977,Unknown:302,301.986514
1978,Unknown:306,306.095082
1979,Unknown:420,420.051719
1986,Diethylphosphothione,152.006087
1987,Dimethylphosphothione,123.974787
1989,monomethylphosphothione,109.959137
1990,CIGG,330.136176
1991,GNLLFLACYCIGG,1324.6308
1992,serotonylation,159.068414
1993,TMPP-Ac:13C(9),581.211328
1999,Xlink:DST[56],55.989829
2001,ZQG,320.100836
2006,Haloxon,203.950987
2007,Methamidophos-S,108.975121
2008,Methamidophos-O,92.997965
2014,Nitrene,12.995249
2015,shTMT,235.176741
2016,TMTpro,304.207146
2017,TMTpro_zero,295.189592
2022,Ser/Thr-KDO,220.058303
2025,Andro-H2O,332.19876
2027,His+O(2),169.048741
2028,Hex(6)HexNAc(5)NeuAc(3),2861.000054
2029,Hex(7)HexNAc(6),2352.846
2033,Met+O(2),163.030314
2034,Gly+O(2),89.011293
2035,Pro+O(2),129.042593
2036,Lys+O(2),160.084792
2037,Glu+O(2),161.032422
2039,LTX+Lophotoxin,416.147118
2040,MBS+peptide,1482.77
2041,3-hydroxybenzyl-phosphate,186.008196
2042,phenyl-phosphate,155.997631
2044,RBS-ID_Uridine,244.069536
2050,shTMTpro,313.231019
2052,Biotin:Aha-DADPS,922.465403
2053,Biotin:Aha-PC,690.24316
2054,pRBS-ID_4-thiouridine,226.058972
2055,pRBS-ID_6-thioguanosine,265.081104
2057,6C-CysPAT,221.081695
2058,Xlink:DSPP[210],209.97181
2059,Xlink:DSPP[228],227.982375
2060,Xlink:DSPP[331],331.045704
2061,Xlink:DSPP[226],225.990534
2062,DBIA,296.184841
2067,Mono_Ngamma-propargyl-L-Gln_desthiobiotin,596.328211
2068,Di_L-Glu_Ngamma-propargyl-L-Gln_desthiobiotin,709.375889
2069,Di_L-Gln_Ngamma-propargyl-L-Gln_desthiobiotin,708.391873
2070,L-Gln,128.058578
2072,Glyceroyl,88.016044
2073,N6pAMP,367.06817
2074,DABCYL-C2-maleimide,391.16444
2079,NBF,163.001791
2080,DCP,168.078644
2081,Ethynyl,24.0
2082,QQTGG,471.207761
2083,Pyro-QQTGG,454.181212
2084,NQTGG,457.192111
2085,DVFQQQTGG,960.43011
2086,iST-NHS specific cysteine modification,113.084064
2088,Label:13C(2)15N(1),3.003745
2106,DPIA,455.274384
2107,Acetoacetyl,84.021129
2108,Isovaleryl,84.057515
2109,2-methylbutyryl,84.057515
2110,Tiglyl,82.041865
2111,3-methylglutaryl,128.047344
2112,3-methylglutaconyl,126.031694
2113,3-hydroxy-3-methylglutaryl,144.042259
2114,Lactylation,72.021129
2115,Pyruvoyl,70.005479
2116,Glyoxylyl,55.989829
2117,Itaconatyl,130.026609
2118,Itaconyl,112.016044
2119,ValGly,156.089878
2120,Pentanoyl,84.057515
2121,Hexanoyl,98.073165
2122,Label:13C(6)15N(2)+TMT6plex,237.177131
2123,Label:13C(6)15N(2)+TMTpro,312.221344
2126,2PCA-triazole-ethanethiol,216.046967
2127,Desthiobiotin-Phenol,331.189592
2128,Cys-vinyl sulfone amine probe addition,478.24612
2129,Cys->fGly-diol,0.017759
2130,Cys->sulfo-fGly-dio,78.966748
2131,Cys->Ser-O-sulfate,63.979659
2132,b-type-ion,-18.010565
2135,PnTAG,178.039496
2136,DMA-PEG3,231.147058
2138,HCCA-Lys,412.211056
2139,Phosphocholine,165.05548
2140,Methyl:13C(1)2H(2),17.031558
2141,c-type-ion,-0.984016
2142,x-type-ion,25.979265
2143,z-type-ion,-17.026549
2144,Dehydromethionine,-2.01565
2146,Label:2H(8),8.050214
2147,imidazolone,144.042259
